{
  "mcc": -0.10740896919526888,
  "DER": 0.47058823529411764,
  "FDR": 0.7857142857142857,
  "IDR": 0.0,
  "AER": 0.7391304347826086,
  "FAR": 0.0,
  "FHR": 0.7727272727272727,
  "VS_mean": 0.6888888888888889,
  "VS_kappa": 0.6849757673667205,
  "weighted_score_defense_wins": 0.008998558914306462,
  "weighted_score_empirical_test_agreed": 0.0812364417989418,
  "weighted_score_critique_wins": 0.12792576058201058,
  "critic_brier_defense": -0.2547049689440994,
  "critic_brier_regular": -0.16830527998236333,
  "defender_brier_defense": -0.12159492178513918,
  "defender_brier_regular": -0.05517741402116403,
  "AOR": 0.36363636363636365,
  "wDCR": 0.041981528127623846,
  "CER_defense": 0.9700854700854701,
  "CER_regular": 0.9819819819819819,
  "NIT_suppression_rate": 0.02570093457943925,
  "FCE": 0.24213834772599416,
  "log_loss": 9.323356563162644,
  "confusion_matrix": [
    [
      8,
      9,
      0
    ],
    [
      13,
      9,
      1
    ],
    [
      1,
      4,
      0
    ]
  ],
  "n_cases": 45,
  "n_defense_wins": 17,
  "n_empirical_test_agreed": 23,
  "n_critique_wins": 5,
  "n_defense": 23,
  "n_mixed": 10,
  "n_regular": 12
}