{
  "primary_metric": "fair_comparison_lift_isolated_vs_baseline",
  "fair_comparison_dims": [
    "IDR",
    "IDP",
    "DRQ",
    "FVC"
  ],
  "bootstrap_cis": {
    "isolated_debate_mean": {
      "point": 0.9548599999999999,
      "ci": [
        0.9381309090909091,
        0.9703272727272728
      ]
    },
    "multiround_mean": {
      "point": 0.9546336363636364,
      "ci": [
        0.9377780454545455,
        0.9698490909090909
      ]
    },
    "ensemble_mean": {
      "point": 0.93659,
      "ci": [
        0.9143145454545454,
        0.9572718181818182
      ]
    },
    "baseline_mean": {
      "point": 0.9452027272727275,
      "ci": [
        0.9269687954545454,
        0.9619967045454547
      ]
    },
    "fair_comparison_lift_isolated_vs_baseline": {
      "point": 0.009659090909090909,
      "ci": [
        -0.0012500094696969693,
        0.02165454924242424
      ]
    },
    "raw_lift_isolated_vs_baseline": {
      "point": 0.009657272727272459,
      "note": "Raw lift; DC and ETD dims are N/A for baseline and excluded from mean computation"
    }
  },
  "wilcoxon_fair_dims": {
    "note": "All tests on fair-comparison dims only: ['IDR', 'IDP', 'DRQ', 'FVC']",
    "isolated_vs_baseline": {
      "W": 314.0,
      "p": 0.047423149276468235,
      "r": 0.3247311827956989
    },
    "isolated_vs_ensemble": {
      "W": 648.5,
      "p": 0.11923114971227528,
      "r": 0.40009250693802034
    },
    "multiround_vs_baseline": {
      "W": 203.0,
      "p": 0.0665989644545579,
      "r": 0.32333333333333336
    },
    "multiround_vs_isolated": {
      "W": 133.5,
      "p": 0.5607822384885263,
      "r": 0.5163043478260869
    }
  },
  "wilcoxon_forced_multiround": {
    "note": "Hard cases only; fair-comparison dims",
    "forced_multiround_vs_multiround_hard": {
      "W": 1.5,
      "p": 0.9771002054444067,
      "r": 0.9285714285714286,
      "n_hard_cases": 42
    }
  },
  "defense_wins": {
    "n": 30,
    "ensemble_dc_mean": NaN,
    "pre_specified_criterion_met": false
  },
  "dimension_aggregates": {
    "isolated_debate": {
      "IDR": 0.8969,
      "IDP": 0.8549,
      "DC": 1.0,
      "DRQ": 1.0,
      "ETD": null,
      "FVC": 1.0
    },
    "multiround": {
      "IDR": 0.8925,
      "IDP": 0.858,
      "DC": 1.0,
      "DRQ": 1.0,
      "ETD": null,
      "FVC": 1.0
    },
    "ensemble": {
      "IDR": 0.7679,
      "IDP": 0.9583,
      "DC": 0.9625,
      "DRQ": 0.9727,
      "ETD": null,
      "FVC": 0.9727
    },
    "baseline": {
      "IDR": 0.8729,
      "IDP": 0.8549,
      "DC": null,
      "DRQ": 0.9894,
      "ETD": null,
      "FVC": 0.9894
    }
  },
  "within_case_variance": {
    "isolated_debate": 0.0053,
    "multiround": 0.0059,
    "ensemble": 0.0086,
    "baseline": 0.0044
  },
  "failure_attribution": {
    "none": 294,
    "ambiguous": 15,
    "agent": 21
  }
}