{
  "bootstrap_cis": {
    "isolated_debate_mean": {
      "point": 0.9744897959183674,
      "ci": [
        0.9404734693877551,
        0.9983
      ]
    },
    "multiround_mean": {
      "point": 0.9863938775510205,
      "ci": [
        0.9591816326530611,
        1.0
      ]
    },
    "ensemble_mean": {
      "point": 0.9931999999999999,
      "ci": [
        0.9864,
        0.9983
      ]
    },
    "baseline_mean": {
      "point": 0.6340061224489796,
      "ci": [
        0.6047510204081633,
        0.6625795918367346
      ]
    },
    "lift_isolated_vs_baseline": {
      "point": 0.34048367346938774,
      "ci": [
        0.3088510204081633,
        0.3711000510204082
      ]
    },
    "lift_isolated_vs_ensemble": {
      "point": -0.018710204081632653,
      "ci": [
        -0.05106897959183636,
        0.0017000000000000008
      ]
    },
    "lift_multiround_vs_baseline": {
      "point": 0.35238775510204073,
      "ci": [
        0.3221122448979592,
        0.3813040816326531
      ]
    },
    "lift_multiround_vs_isolated": {
      "point": 0.011904081632653062,
      "ci": [
        0.0,
        0.02721020408163265
      ]
    }
  },
  "wilcoxon": {
    "isolated_vs_baseline": {
      "W": 1176.0,
      "p": 6.153711863739597e-10,
      "r": 0.0
    },
    "isolated_vs_ensemble": {
      "W": 1.0,
      "p": 0.9512437309109452,
      "r": 0.9
    },
    "multiround_vs_baseline": {
      "W": 1176.0,
      "p": 5.987488011205802e-10,
      "r": 0.0
    },
    "multiround_vs_isolated": {
      "W": 6.0,
      "p": 0.08678408327796083,
      "r": 0.0
    }
  },
  "mixed_position": {
    "n": 16,
    "isolated_debate_mean": 0.95833125,
    "multiround_mean": 0.95833125,
    "ensemble_mean": 1.0
  },
  "defense_wins": {
    "n": 11,
    "ensemble_dc_mean": 1.0,
    "multiround_dc_mean": 1.0,
    "pre_specified_criterion_met": true
  },
  "dimension_aggregates": {
    "isolated_debate": {
      "IDR": 1.0,
      "IDP": 1.0,
      "DC": 0.9796,
      "DRQ": 0.9558,
      "ETD": 0.8413,
      "FVC": 0.9796
    },
    "multiround": {
      "IDR": 1.0,
      "IDP": 1.0,
      "DC": 0.9796,
      "DRQ": 0.9796,
      "ETD": 0.9524,
      "FVC": 0.9796
    },
    "ensemble": {
      "IDR": 1.0,
      "IDP": 1.0,
      "DC": 1.0,
      "DRQ": 0.9592,
      "ETD": 1.0,
      "FVC": 1.0
    },
    "baseline": {
      "IDR": 1.0,
      "IDP": 1.0,
      "DC": 0.0,
      "DRQ": 0.4898,
      "ETD": 0.4762,
      "FVC": 0.9796
    }
  },
  "within_case_variance": {
    "isolated_debate_std_mean": 0.002406122448979592,
    "multiround_std_mean": 0.0,
    "ensemble_std_mean": 0.0,
    "baseline_std_mean": 0.0
  },
  "failure_attribution": {
    "none": 137,
    "agent": 3,
    "ambiguous": 7
  }
}